[{"id":1,"city":"Xinsheng"},
{"id":2,"city":"Gap"},
{"id":3,"city":"Dadus"},
{"id":4,"city":"Kyoto"},
{"id":5,"city":"Banjar Tibubiyu Kaja"},
{"id":6,"city":"Santa María de Caparo"},
{"id":7,"city":"Nyíregyháza"},
{"id":8,"city":"Podgornaya"},
{"id":9,"city":"Lyambir’"},
{"id":10,"city":"asdasdo"},
{"id":11,"city":"Dsadas"},
{"id":12,"city":"Dfxgxo"},
{"id":13,"city":"Daxcreto"},
{"id":14,"city":"erteryo"},
{"id":15,"city":"sgfdfso"},
{"id":16,"city":"djo"},
{"id":17,"city":"sfgdo"},
{"id":18,"city":"Dgdfo"},
{"id":19,"city":"dfgo"},
{"id":19,"city":"dfgo"},
{"id":19,"city":"dfgo"},
{"id":19,"city":"dfgo"},
{"id":19,"city":"dfgo"},
{"id":19,"city":"dfgo"},
{"id":19,"city":"dfgo"}]