<?xml version="1.0" encoding="UTF-8" ?>
<!DOCTYPE configuration
  PUBLIC "-//mybatis.org//DTD Config 3.0//EN"
  "http://mybatis.org/dtd/mybatis-3-config.dtd">
  
  <!-- 매퍼파일들을 관리해줄 xml파일 -->
<configuration>
<!-- 테이블 개수 만큼 생성 -->
   <typeAliases>
      <typeAlias type="com.mega.project.FacilityVO" alias="fVO"></typeAlias> <!-- alias = bbsVO는 매퍼에서 사용하는 VO -->
      <typeAlias type="com.mega.project.PlVO" alias="plVO"></typeAlias> <!-- alias = bbsVO는 매퍼에서 사용하는 VO -->
      
   </typeAliases>
   <mappers>
      <mapper resource="mapper/facilityMapper.xml" /> <!-- sql문이 저장된 xml파일을 매퍼로 사용 -->
      <mapper resource="mapper/plMapper.xml" /> <!-- sql문이 저장된 xml파일을 매퍼로 사용 -->
   </mappers>
</configuration>